category_id,category_code,display_name,top_brand,price_median,n_products,n_events,price_sum,source_dataset
1487580007675986893,,category_1487580007675986893,bpw.style,1.33,3503,1062716,1412557.2,REES46 cosmetics 2019-Oct..2020-Feb
1487580005595612013,,category_1487580005595612013,UNK,3.08,1343,789465,2434820.2,REES46 cosmetics 2019-Oct..2020-Feb
1487580005092295511,,category_1487580005092295511,UNK,8.9,710,770985,6860398.5,REES46 cosmetics 2019-Oct..2020-Feb
1487580005671109489,,category_1487580005671109489,masura,2.57,1265,680648,1750832.6,REES46 cosmetics 2019-Oct..2020-Feb
1487580006317032337,,category_1487580006317032337,UNK,4.6,1011,646704,2975933.0,REES46 cosmetics 2019-Oct..2020-Feb
1602943681873052386,,category_1602943681873052386,grattol,5.15,233,640908,3298153.5,REES46 cosmetics 2019-Oct..2020-Feb
1487580005268456287,,category_1487580005268456287,UNK,8.37,426,448775,3755378.0,REES46 cosmetics 2019-Oct..2020-Feb
1487580013841613016,,category_1487580013841613016,kapous,4.65,1864,398007,1851804.0,REES46 cosmetics 2019-Oct..2020-Feb
1487580005134238553,,category_1487580005134238553,runail,2.67,643,397167,1060198.1,REES46 cosmetics 2019-Oct..2020-Feb
1487580008246412266,,category_1487580008246412266,UNK,9.57,1177,375219,3590654.5,REES46 cosmetics 2019-Oct..2020-Feb
1487580009286598681,,category_1487580009286598681,UNK,0.69,460,371318,255401.92,REES46 cosmetics 2019-Oct..2020-Feb
1487580005754995573,,category_1487580005754995573,UNK,4.68,480,369213,1726932.0,REES46 cosmetics 2019-Oct..2020-Feb
1487580006300255120,,category_1487580006300255120,jessnail,103.46,110,315333,32625146.0,REES46 cosmetics 2019-Oct..2020-Feb
1487580013950664926,,category_1487580013950664926,UNK,28.52,290,288450,8225616.0,REES46 cosmetics 2019-Oct..2020-Feb
1487580009445982239,,category_1487580009445982239,UNK,3.18,280,282478,898683.2,REES46 cosmetics 2019-Oct..2020-Feb
1487580008145748965,,category_1487580008145748965,UNK,2.78,393,277540,772164.4,REES46 cosmetics 2019-Oct..2020-Feb
1487580005713052531,,category_1487580005713052531,ingarden,5.43,350,264521,1435304.8,REES46 cosmetics 2019-Oct..2020-Feb
1487580005511725929,,category_1487580005511725929,UNK,4.97,643,257267,1277885.1,REES46 cosmetics 2019-Oct..2020-Feb
1487580005427839846,,category_1487580005427839846,irisk,2.71,604,249326,676020.8,REES46 cosmetics 2019-Oct..2020-Feb
1487580004916134735,,category_1487580004916134735,UNK,5.26,599,245287,1290861.8,REES46 cosmetics 2019-Oct..2020-Feb
2084144451428549153,,category_2084144451428549153,UNK,2.04,230,212429,432937.97,REES46 cosmetics 2019-Oct..2020-Feb
1487580011585077370,,category_1487580011585077370,UNK,5.3,1042,200444,1061700.1,REES46 cosmetics 2019-Oct..2020-Feb
1487580010100293687,,category_1487580010100293687,UNK,3.6,494,198956,716150.2,REES46 cosmetics 2019-Oct..2020-Feb
1487580005050352469,,category_1487580005050352469,haruyama,3.84,535,177776,683251.2,REES46 cosmetics 2019-Oct..2020-Feb
1487580013522845895,,category_1487580013522845895,UNK,7.76,230,169917,1319075.5,REES46 cosmetics 2019-Oct..2020-Feb
1487580008263189483,,category_1487580008263189483,UNK,12.06,539,168430,2031326.1,REES46 cosmetics 2019-Oct..2020-Feb
1487580005553668971,,category_1487580005553668971,UNK,9.17,726,149495,1371265.2,REES46 cosmetics 2019-Oct..2020-Feb
1487580006350586771,appliances.environment.vacuum,appliances.environment.vacuum,max,47.88,93,149168,7141572.0,REES46 cosmetics 2019-Oct..2020-Feb
1487580005461394279,,category_1487580005461394279,bluesky,4.59,876,146684,672888.2,REES46 cosmetics 2019-Oct..2020-Feb
2115334439910245200,,category_2115334439910245200,UNK,4.18,193,146174,610571.25,REES46 cosmetics 2019-Oct..2020-Feb
1487580009051717646,,category_1487580009051717646,UNK,43.26,200,145900,6311482.0,REES46 cosmetics 2019-Oct..2020-Feb
1487580007432717250,,category_1487580007432717250,UNK,2.91,231,142951,416452.3,REES46 cosmetics 2019-Oct..2020-Feb
1487580009471148064,,category_1487580009471148064,UNK,1.39,163,142534,198550.7,REES46 cosmetics 2019-Oct..2020-Feb
1638456119066100510,,category_1638456119066100510,pole,4.1,407,139095,570328.2,REES46 cosmetics 2019-Oct..2020-Feb
1487580009311764506,,category_1487580009311764506,UNK,0.94,143,133490,126084.52,REES46 cosmetics 2019-Oct..2020-Feb
1783999063314661546,,category_1783999063314661546,UNK,9.32,183,130655,1218059.4,REES46 cosmetics 2019-Oct..2020-Feb
1487580007634043851,,category_1487580007634043851,UNK,1.24,222,125390,154934.16,REES46 cosmetics 2019-Oct..2020-Feb
1487580007910867929,,category_1487580007910867929,yoko,8.29,120,124662,1033052.4,REES46 cosmetics 2019-Oct..2020-Feb
1487580012096782476,,category_1487580012096782476,UNK,5.12,437,120205,615090.44,REES46 cosmetics 2019-Oct..2020-Feb
1487580013581566154,,category_1487580013581566154,UNK,6.1,142,116225,709233.75,REES46 cosmetics 2019-Oct..2020-Feb
1487580007256556476,,category_1487580007256556476,UNK,4.23,60,116130,490760.9,REES46 cosmetics 2019-Oct..2020-Feb
1487580005411062629,,category_1487580005411062629,cnd,16.79,379,108440,1820525.2,REES46 cosmetics 2019-Oct..2020-Feb
1487580007852147670,,category_1487580007852147670,staleks,9.28,204,107657,998843.75,REES46 cosmetics 2019-Oct..2020-Feb
1487580009387261981,,category_1487580009387261981,UNK,4.94,83,105448,521078.03,REES46 cosmetics 2019-Oct..2020-Feb
2151191071051219817,,category_2151191071051219817,nagaraku,6.08,241,101032,614066.75,REES46 cosmetics 2019-Oct..2020-Feb
1658462125284131265,,category_1658462125284131265,uskusi,3.61,716,97753,352944.25,REES46 cosmetics 2019-Oct..2020-Feb
1783999064136745198,,category_1783999064136745198,cosmoprofi,8.69,55,92115,800786.2,REES46 cosmetics 2019-Oct..2020-Feb
1487580013069861041,,category_1487580013069861041,italwax,12.47,136,91514,1140937.0,REES46 cosmetics 2019-Oct..2020-Feb
1487580008187692007,,category_1487580008187692007,UNK,3.0,117,91329,274280.3,REES46 cosmetics 2019-Oct..2020-Feb
1783999067156644376,,category_1783999067156644376,UNK,9.25,566,91273,844291.6,REES46 cosmetics 2019-Oct..2020-Feb
1783999072332415142,,category_1783999072332415142,UNK,16.22,542,87993,1427685.2,REES46 cosmetics 2019-Oct..2020-Feb
1487580007717929935,,category_1487580007717929935,airnails,1.07,510,87555,93838.1,REES46 cosmetics 2019-Oct..2020-Feb
1487580009605365797,,category_1487580009605365797,UNK,1.7,98,86969,147780.4,REES46 cosmetics 2019-Oct..2020-Feb
1487580009143992338,,category_1487580009143992338,UNK,8.82,204,85562,754592.5,REES46 cosmetics 2019-Oct..2020-Feb
1487580010645553231,,category_1487580010645553231,UNK,32.3,66,84370,2724817.5,REES46 cosmetics 2019-Oct..2020-Feb
2151191071378375538,,category_2151191071378375538,UNK,9.56,162,83536,798501.4,REES46 cosmetics 2019-Oct..2020-Feb
1487580004857414477,,category_1487580004857414477,lianail,5.68,639,82649,469281.8,REES46 cosmetics 2019-Oct..2020-Feb
1487580007281722301,,category_1487580007281722301,UNK,4.73,90,81487,385174.88,REES46 cosmetics 2019-Oct..2020-Feb
1487580009496313889,,category_1487580009496313889,UNK,4.36,41,81332,354457.56,REES46 cosmetics 2019-Oct..2020-Feb
1783999068909863670,,category_1783999068909863670,smart,5.64,170,78966,445715.7,REES46 cosmetics 2019-Oct..2020-Feb
1487580011652186237,,category_1487580011652186237,UNK,10.39,498,77896,809411.25,REES46 cosmetics 2019-Oct..2020-Feb
1487580007936033754,,category_1487580007936033754,runail,2.9,96,77836,225881.69,REES46 cosmetics 2019-Oct..2020-Feb
1487580010796548183,,category_1487580010796548183,runail,0.43,137,74874,31873.73,REES46 cosmetics 2019-Oct..2020-Feb
1487580008800059394,,category_1487580008800059394,masura,5.09,413,73828,375520.9,REES46 cosmetics 2019-Oct..2020-Feb
1487580011627020412,,category_1487580011627020412,UNK,9.82,316,73482,721555.4,REES46 cosmetics 2019-Oct..2020-Feb
1487580013749338323,,category_1487580013749338323,concept,6.61,77,72712,480455.9,REES46 cosmetics 2019-Oct..2020-Feb
1487580008657454075,,category_1487580008657454075,UNK,2.72,215,70479,191409.72,REES46 cosmetics 2019-Oct..2020-Feb
1487580011283087468,,category_1487580011283087468,UNK,9.12,113,69465,633515.25,REES46 cosmetics 2019-Oct..2020-Feb
1487580011702517887,,category_1487580011702517887,UNK,12.45,422,69365,863334.94,REES46 cosmetics 2019-Oct..2020-Feb
1487580004832248652,,category_1487580004832248652,beautix,10.84,315,68923,746995.4,REES46 cosmetics 2019-Oct..2020-Feb
1487580013011140782,,category_1487580013011140782,italwax,5.92,72,68885,408059.0,REES46 cosmetics 2019-Oct..2020-Feb
1891434214553813877,,category_1891434214553813877,UNK,4.8,95,68702,330086.4,REES46 cosmetics 2019-Oct..2020-Feb
1487580007306888126,,category_1487580007306888126,UNK,4.05,66,68610,277754.03,REES46 cosmetics 2019-Oct..2020-Feb
1487580010628776014,,category_1487580010628776014,UNK,3.11,75,68580,213380.77,REES46 cosmetics 2019-Oct..2020-Feb
1487580010125459512,,category_1487580010125459512,UNK,4.38,95,68218,298472.66,REES46 cosmetics 2019-Oct..2020-Feb
1487580005008409427,,category_1487580005008409427,f.o.x,5.11,480,67854,346688.28,REES46 cosmetics 2019-Oct..2020-Feb
1487580013858390233,,category_1487580013858390233,kapous,2.44,128,67624,165280.97,REES46 cosmetics 2019-Oct..2020-Feb
1487580008313521133,,category_1487580008313521133,UNK,8.06,231,67435,543441.8,REES46 cosmetics 2019-Oct..2020-Feb
1487580012902088873,,category_1487580012902088873,UNK,19.61,57,66848,1311104.5,REES46 cosmetics 2019-Oct..2020-Feb
1783999064103190764,,category_1783999064103190764,runail,9.15,43,66764,610647.75,REES46 cosmetics 2019-Oct..2020-Feb
1487580012927254698,,category_1487580012927254698,UNK,10.72,122,66115,708679.8,REES46 cosmetics 2019-Oct..2020-Feb
1487580010561667147,,category_1487580010561667147,UNK,8.55,177,65574,560588.9,REES46 cosmetics 2019-Oct..2020-Feb
1897124478404526487,,category_1897124478404526487,UNK,3.99,91,64526,257692.81,REES46 cosmetics 2019-Oct..2020-Feb
1487580007575323592,,category_1487580007575323592,UNK,1.42,428,64188,91105.36,REES46 cosmetics 2019-Oct..2020-Feb
1511892746070131099,,category_1511892746070131099,uno,9.08,259,63716,578460.2,REES46 cosmetics 2019-Oct..2020-Feb
1487580008288355308,,category_1487580008288355308,UNK,8.31,251,63046,523846.8,REES46 cosmetics 2019-Oct..2020-Feb
1487580006551913373,,category_1487580006551913373,irisk,3.04,64,59784,181881.31,REES46 cosmetics 2019-Oct..2020-Feb
1487580013053083824,stationery.cartrige,stationery.cartrige,italwax,2.49,140,59728,148703.53,REES46 cosmetics 2019-Oct..2020-Feb
1487580007952810971,,category_1487580007952810971,metzger,10.61,129,56394,598319.0,REES46 cosmetics 2019-Oct..2020-Feb
1487580004882580302,,category_1487580004882580302,UNK,2.63,158,56300,147940.97,REES46 cosmetics 2019-Oct..2020-Feb
2195085255034011676,,category_2195085255034011676,severina,3.29,70,56269,185226.72,REES46 cosmetics 2019-Oct..2020-Feb
1487580013279576251,,category_1487580013279576251,UNK,9.44,537,55537,524239.56,REES46 cosmetics 2019-Oct..2020-Feb
1487580013388628160,,category_1487580013388628160,irisk,15.16,178,55203,836754.0,REES46 cosmetics 2019-Oct..2020-Feb
1487580010872045658,,category_1487580010872045658,UNK,0.8,166,51929,41387.97,REES46 cosmetics 2019-Oct..2020-Feb
2007399943458784057,apparel.glove,apparel.glove,benovy,6.94,107,51891,360223.03,REES46 cosmetics 2019-Oct..2020-Feb
1487580011383750769,,category_1487580011383750769,UNK,2.96,10,51846,153443.17,REES46 cosmetics 2019-Oct..2020-Feb
1487580008347075566,,category_1487580008347075566,UNK,4.66,8,50273,234193.28,REES46 cosmetics 2019-Oct..2020-Feb
1542195323827388674,,category_1542195323827388674,missha,14.38,251,48558,698357.4,REES46 cosmetics 2019-Oct..2020-Feb
1487580013539623112,,category_1487580013539623112,UNK,15.01,58,46934,704356.3,REES46 cosmetics 2019-Oct..2020-Feb
1487580006895846315,,category_1487580006895846315,runail,5.19,98,46401,240766.2,REES46 cosmetics 2019-Oct..2020-Feb
1783999071199952917,,category_1783999071199952917,UNK,1.79,126,46350,82908.46,REES46 cosmetics 2019-Oct..2020-Feb
1487580013506068678,,category_1487580013506068678,lovely,8.86,80,46348,410580.84,REES46 cosmetics 2019-Oct..2020-Feb
2089259162625114209,,category_2089259162625114209,ardell,6.13,94,44440,272579.44,REES46 cosmetics 2019-Oct..2020-Feb
1487580012994363565,,category_1487580012994363565,UNK,7.65,118,44402,339650.0,REES46 cosmetics 2019-Oct..2020-Feb
1487580006509970331,,category_1487580006509970331,UNK,1.74,35,43565,75762.6,REES46 cosmetics 2019-Oct..2020-Feb
2140803113261466607,,category_2140803113261466607,yoko,4.02,53,42716,171847.06,REES46 cosmetics 2019-Oct..2020-Feb
1487580013640286413,,category_1487580013640286413,UNK,6.33,147,42685,270311.56,REES46 cosmetics 2019-Oct..2020-Feb
1487580010821714008,,category_1487580010821714008,UNK,0.79,88,42241,33391.74,REES46 cosmetics 2019-Oct..2020-Feb
1924049110428549877,,category_1924049110428549877,oniq,8.35,337,42201,352555.84,REES46 cosmetics 2019-Oct..2020-Feb
1487580006132482952,,category_1487580006132482952,runail,2.51,79,42004,105627.55,REES46 cosmetics 2019-Oct..2020-Feb
1487580007483048900,,category_1487580007483048900,irisk,3.58,101,40761,145917.22,REES46 cosmetics 2019-Oct..2020-Feb
1525995662934540829,,category_1525995662934540829,UNK,3.65,274,40635,148364.52,REES46 cosmetics 2019-Oct..2020-Feb
1605161575889502297,,category_1605161575889502297,UNK,3.76,22,39865,150006.92,REES46 cosmetics 2019-Oct..2020-Feb
1487580013413793985,,category_1487580013413793985,UNK,5.31,124,39368,209200.5,REES46 cosmetics 2019-Oct..2020-Feb
1487580008447738866,,category_1487580008447738866,cnd,15.78,216,39364,621074.0,REES46 cosmetics 2019-Oct..2020-Feb
1487580006962955182,,category_1487580006962955182,UNK,4.75,4,38387,182513.0,REES46 cosmetics 2019-Oct..2020-Feb
1487580012969197740,,category_1487580012969197740,UNK,5.78,80,38261,221041.12,REES46 cosmetics 2019-Oct..2020-Feb
1487580011677352062,,category_1487580011677352062,UNK,14.81,132,38218,566191.0,REES46 cosmetics 2019-Oct..2020-Feb
1487580009362096156,,category_1487580009362096156,UNK,1.2,63,37652,45368.31,REES46 cosmetics 2019-Oct..2020-Feb
1487580013489291461,,category_1487580013489291461,UNK,5.17,69,37605,194573.4,REES46 cosmetics 2019-Oct..2020-Feb
1487580005067129686,,category_1487580005067129686,UNK,2.37,117,37469,88737.91,REES46 cosmetics 2019-Oct..2020-Feb
1783999068867920626,,category_1783999068867920626,UNK,4.85,40,36352,176341.78,REES46 cosmetics 2019-Oct..2020-Feb
1487580007659209676,,category_1487580007659209676,UNK,2.16,114,36214,78131.68,REES46 cosmetics 2019-Oct..2020-Feb
1487580008112194531,,category_1487580008112194531,UNK,7.83,312,35249,276022.8,REES46 cosmetics 2019-Oct..2020-Feb
1597770225539875791,,category_1597770225539875791,UNK,13.43,201,34909,468662.38,REES46 cosmetics 2019-Oct..2020-Feb
1487580012021285001,,category_1487580012021285001,domix,10.22,67,34196,349319.2,REES46 cosmetics 2019-Oct..2020-Feb
1487580011853512836,,category_1487580011853512836,UNK,8.05,144,34010,273761.9,REES46 cosmetics 2019-Oct..2020-Feb
2196456817641391019,,category_2196456817641391019,UNK,5.14,1,33651,172926.19,REES46 cosmetics 2019-Oct..2020-Feb
1487580005855658874,,category_1487580005855658874,UNK,2.48,20,33047,81814.54,REES46 cosmetics 2019-Oct..2020-Feb
1487580009177546772,,category_1487580009177546772,runail,37.77,15,32940,1244126.0,REES46 cosmetics 2019-Oct..2020-Feb
1487580005528503146,,category_1487580005528503146,pnb,5.38,247,32902,176915.84,REES46 cosmetics 2019-Oct..2020-Feb
1924049106385240809,,category_1924049106385240809,UNK,4.83,190,32377,156310.77,REES46 cosmetics 2019-Oct..2020-Feb
2193074740552270669,,category_2193074740552270669,UNK,4.6,23,32256,148333.23,REES46 cosmetics 2019-Oct..2020-Feb
2055161088059638328,,category_2055161088059638328,bpw.style,1.74,31,32175,55859.02,REES46 cosmetics 2019-Oct..2020-Feb
1487580009227878422,,category_1487580009227878422,solomeya,3.78,19,31739,120028.12,REES46 cosmetics 2019-Oct..2020-Feb
1487580009202712597,,category_1487580009202712597,UNK,5.35,60,31206,166808.95,REES46 cosmetics 2019-Oct..2020-Feb
2193074740619379535,furniture.living_room.cabinet,furniture.living_room.cabinet,UNK,162.32,6,30560,4960554.5,REES46 cosmetics 2019-Oct..2020-Feb
2151191071118328683,,category_2151191071118328683,nagaraku,2.0,36,30377,60786.87,REES46 cosmetics 2019-Oct..2020-Feb
1487580013027917999,,category_1487580013027917999,UNK,4.18,30,30325,126823.06,REES46 cosmetics 2019-Oct..2020-Feb
1487580013229244601,,category_1487580013229244601,UNK,14.97,217,29729,445100.56,REES46 cosmetics 2019-Oct..2020-Feb
2141560642253881670,,category_2141560642253881670,UNK,5.11,19,29483,150763.27,REES46 cosmetics 2019-Oct..2020-Feb
1487580007399162817,,category_1487580007399162817,irisk,1.83,29,29234,53458.09,REES46 cosmetics 2019-Oct..2020-Feb
1487580011534745720,,category_1487580011534745720,UNK,6.13,184,28611,175451.12,REES46 cosmetics 2019-Oct..2020-Feb
1487580006434472855,,category_1487580006434472855,jas,44.72,18,28366,1268465.8,REES46 cosmetics 2019-Oct..2020-Feb
1487580009521479714,,category_1487580009521479714,UNK,7.17,74,28235,202388.56,REES46 cosmetics 2019-Oct..2020-Feb
1487580011308253293,,category_1487580011308253293,domix,8.34,86,28056,233919.27,REES46 cosmetics 2019-Oct..2020-Feb
1487580013145358517,,category_1487580013145358517,UNK,5.1,138,27717,141260.1,REES46 cosmetics 2019-Oct..2020-Feb
1487580007776650194,,category_1487580007776650194,UNK,0.92,34,27557,25228.27,REES46 cosmetics 2019-Oct..2020-Feb
1487580008984608779,,category_1487580008984608779,UNK,44.49,51,27552,1225711.8,REES46 cosmetics 2019-Oct..2020-Feb
2151191070984110951,,category_2151191070984110951,UNK,4.92,31,27114,133522.6,REES46 cosmetics 2019-Oct..2020-Feb
1495705810662064688,,category_1495705810662064688,UNK,3.8,25,26006,98813.15,REES46 cosmetics 2019-Oct..2020-Feb
1487580013170524342,,category_1487580013170524342,UNK,5.19,169,25810,133979.88,REES46 cosmetics 2019-Oct..2020-Feb
1487580014009385185,,category_1487580014009385185,UNK,27.33,31,24742,676209.94,REES46 cosmetics 2019-Oct..2020-Feb
1487580012574933146,,category_1487580012574933146,UNK,6.94,221,24593,170569.5,REES46 cosmetics 2019-Oct..2020-Feb
1487580010695884882,accessories.bag,accessories.bag,UNK,46.11,44,24253,1118287.5,REES46 cosmetics 2019-Oct..2020-Feb
1487580009261432856,,category_1487580009261432856,zinger,1.35,44,23828,32078.57,REES46 cosmetics 2019-Oct..2020-Feb
2069804417665728971,,category_2069804417665728971,cosmoprofi,5.12,274,23382,119792.9,REES46 cosmetics 2019-Oct..2020-Feb
1487580007592100809,,category_1487580007592100809,UNK,0.53,26,23368,12462.26,REES46 cosmetics 2019-Oct..2020-Feb
1487580012373606546,,category_1487580012373606546,UNK,7.21,242,22916,165243.0,REES46 cosmetics 2019-Oct..2020-Feb
1487580006409307030,,category_1487580006409307030,airnails,4.73,49,22831,107881.43,REES46 cosmetics 2019-Oct..2020-Feb
1487580013732561106,,category_1487580013732561106,estel,9.0,47,22744,204618.38,REES46 cosmetics 2019-Oct..2020-Feb
1487580011501191286,,category_1487580011501191286,UNK,2.34,79,22344,52223.84,REES46 cosmetics 2019-Oct..2020-Feb
1487580012642042013,,category_1487580012642042013,UNK,12.07,98,22159,267506.0,REES46 cosmetics 2019-Oct..2020-Feb
1487580007457883075,,category_1487580007457883075,UNK,4.52,71,21924,98987.44,REES46 cosmetics 2019-Oct..2020-Feb
1842735758805303837,,category_1842735758805303837,beauty-free,2.95,121,21794,64378.5,REES46 cosmetics 2019-Oct..2020-Feb
1487580008774893569,,category_1487580008774893569,UNK,4.44,94,21774,96667.78,REES46 cosmetics 2019-Oct..2020-Feb
1842735760499802745,,category_1842735760499802745,kinetics,8.86,290,21577,191146.78,REES46 cosmetics 2019-Oct..2020-Feb
1487580009026551821,,category_1487580009026551821,runail,21.08,80,21183,446462.88,REES46 cosmetics 2019-Oct..2020-Feb
1921723491720102387,,category_1921723491720102387,UNK,5.62,90,21154,118812.29,REES46 cosmetics 2019-Oct..2020-Feb
1487580008758116352,,category_1487580008758116352,UNK,4.79,70,21053,100743.63,REES46 cosmetics 2019-Oct..2020-Feb
1487580010318397504,,category_1487580010318397504,UNK,9.15,106,21039,192445.31,REES46 cosmetics 2019-Oct..2020-Feb
1487580013472514244,,category_1487580013472514244,art-visage,2.3,7,20488,47104.43,REES46 cosmetics 2019-Oct..2020-Feb
1487580006644188066,,category_1487580006644188066,UNK,4.69,72,20414,95659.36,REES46 cosmetics 2019-Oct..2020-Feb
1487580008162526182,,category_1487580008162526182,UNK,15.53,26,20405,316949.12,REES46 cosmetics 2019-Oct..2020-Feb
2151191070908613477,,category_2151191070908613477,UNK,3.69,21,20220,74695.0,REES46 cosmetics 2019-Oct..2020-Feb
1487580011408916594,,category_1487580011408916594,swarovski,3.87,91,20155,77968.29,REES46 cosmetics 2019-Oct..2020-Feb
1487580008607122425,,category_1487580008607122425,masura,5.34,281,20116,107432.72,REES46 cosmetics 2019-Oct..2020-Feb
1977575787259232875,,category_1977575787259232875,UNK,4.43,76,20058,88917.62,REES46 cosmetics 2019-Oct..2020-Feb
1783999076551885399,,category_1783999076551885399,happyfons,5.78,43,19981,115441.97,REES46 cosmetics 2019-Oct..2020-Feb
2134354342373753638,,category_2134354342373753638,UNK,3.71,249,19728,73110.44,REES46 cosmetics 2019-Oct..2020-Feb
1761186209054327497,,category_1761186209054327497,dermacol,7.95,88,19652,156290.92,REES46 cosmetics 2019-Oct..2020-Feb
1487580006937789357,,category_1487580006937789357,UNK,7.1,64,19570,139003.39,REES46 cosmetics 2019-Oct..2020-Feb
1487580007550157767,,category_1487580007550157767,UNK,0.92,105,19420,17962.84,REES46 cosmetics 2019-Oct..2020-Feb
1891434351850160381,,category_1891434351850160381,petitfee,15.63,36,19303,301670.75,REES46 cosmetics 2019-Oct..2020-Feb
1487580007835370453,,category_1487580007835370453,metzger,9.83,36,19100,187823.73,REES46 cosmetics 2019-Oct..2020-Feb
2177933350667289121,,category_2177933350667289121,UNK,5.34,176,19094,102025.67,REES46 cosmetics 2019-Oct..2020-Feb
1937169073007756269,,category_1937169073007756269,lovely,7.64,170,18597,142021.2,REES46 cosmetics 2019-Oct..2020-Feb
1487580011425693811,,category_1487580011425693811,UNK,1.67,80,18564,31062.29,REES46 cosmetics 2019-Oct..2020-Feb
1982860263572898112,,category_1982860263572898112,estel,6.44,57,18395,118486.28,REES46 cosmetics 2019-Oct..2020-Feb
1487580013254410426,,category_1487580013254410426,provoc,6.14,145,18373,112889.88,REES46 cosmetics 2019-Oct..2020-Feb
1487580013212467384,,category_1487580013212467384,UNK,8.89,72,18338,163090.1,REES46 cosmetics 2019-Oct..2020-Feb
1487580013824835799,,category_1487580013824835799,estel,4.82,69,18133,87380.72,REES46 cosmetics 2019-Oct..2020-Feb
2029082628195353599,,category_2029082628195353599,UNK,2.43,11,17823,43266.33,REES46 cosmetics 2019-Oct..2020-Feb
1487580005385896804,,category_1487580005385896804,UNK,5.0,221,17766,88821.22,REES46 cosmetics 2019-Oct..2020-Feb
1783999064069636330,,category_1783999064069636330,UNK,4.7,0,17669,83047.3,REES46 cosmetics 2019-Oct..2020-Feb
1487580009076883471,,category_1487580009076883471,UNK,2.31,18,17617,40624.06,REES46 cosmetics 2019-Oct..2020-Feb
1487580010754605141,,category_1487580010754605141,UNK,1.64,149,17333,28398.12,REES46 cosmetics 2019-Oct..2020-Feb
1487580010779770966,,category_1487580010779770966,UNK,0.68,58,17198,11700.84,REES46 cosmetics 2019-Oct..2020-Feb
2114584564549550293,,category_2114584564549550293,UNK,3.87,86,16995,65847.11,REES46 cosmetics 2019-Oct..2020-Feb
1487580012683985055,,category_1487580012683985055,UNK,7.44,98,16992,126408.23,REES46 cosmetics 2019-Oct..2020-Feb
1783999073758478650,,category_1783999073758478650,UNK,5.94,130,16857,100054.73,REES46 cosmetics 2019-Oct..2020-Feb
1526733091857498510,,category_1526733091857498510,UNK,5.84,201,16513,96473.02,REES46 cosmetics 2019-Oct..2020-Feb
1783999071325782053,,category_1783999071325782053,UNK,1.26,64,16073,20296.12,REES46 cosmetics 2019-Oct..2020-Feb
2035665444290953519,,category_2035665444290953519,UNK,4.81,123,15813,75990.76,REES46 cosmetics 2019-Oct..2020-Feb
2195085258272014535,,category_2195085258272014535,runail,3.77,6,15738,59397.56,REES46 cosmetics 2019-Oct..2020-Feb
2018395024110125980,,category_2018395024110125980,UNK,9.49,77,15414,146234.05,REES46 cosmetics 2019-Oct..2020-Feb
1487580013086638258,,category_1487580013086638258,shik,7.69,34,15078,115946.12,REES46 cosmetics 2019-Oct..2020-Feb
1487580013690618064,,category_1487580013690618064,parachute,10.52,53,15074,158512.69,REES46 cosmetics 2019-Oct..2020-Feb
1487580009336930331,,category_1487580009336930331,UNK,8.25,41,14984,123691.98,REES46 cosmetics 2019-Oct..2020-Feb
1487580012524601496,,category_1487580012524601496,UNK,3.89,152,14795,57609.08,REES46 cosmetics 2019-Oct..2020-Feb
1487580008011531230,,category_1487580008011531230,coifin,52.32,66,14703,769303.75,REES46 cosmetics 2019-Oct..2020-Feb
1516331853567492962,,category_1516331853567492962,UNK,4.23,39,14433,61089.38,REES46 cosmetics 2019-Oct..2020-Feb
1982860244379763042,,category_1982860244379763042,UNK,7.31,53,13862,101358.75,REES46 cosmetics 2019-Oct..2020-Feb
1487580011996119176,,category_1487580011996119176,ingarden,6.37,58,13837,88199.14,REES46 cosmetics 2019-Oct..2020-Feb
1487580006241534861,,category_1487580006241534861,runail,3.56,37,13791,49146.69,REES46 cosmetics 2019-Oct..2020-Feb
1487580005897601916,,category_1487580005897601916,runail,2.54,46,13646,34717.37,REES46 cosmetics 2019-Oct..2020-Feb
1487580009571811364,,category_1487580009571811364,rosi,2.97,14,13635,40513.3,REES46 cosmetics 2019-Oct..2020-Feb
1998040849203594085,,category_1998040849203594085,UNK,12.2,16,13603,165915.73,REES46 cosmetics 2019-Oct..2020-Feb
1495705810729173554,,category_1495705810729173554,UNK,3.89,77,13338,51934.1,REES46 cosmetics 2019-Oct..2020-Feb
1487580012591710363,,category_1487580012591710363,UNK,3.09,67,13268,40956.31,REES46 cosmetics 2019-Oct..2020-Feb
1487580007365608384,,category_1487580007365608384,UNK,3.89,83,13064,50777.28,REES46 cosmetics 2019-Oct..2020-Feb
1487580008053474272,,category_1487580008053474272,UNK,54.52,49,13034,710608.5,REES46 cosmetics 2019-Oct..2020-Feb
1487580013430571202,,category_1487580013430571202,UNK,6.44,61,12865,82823.61,REES46 cosmetics 2019-Oct..2020-Feb
1487580009622143014,,category_1487580009622143014,UNK,0.79,22,12666,9995.06,REES46 cosmetics 2019-Oct..2020-Feb
1487580013296353468,,category_1487580013296353468,UNK,11.65,119,12557,146322.53,REES46 cosmetics 2019-Oct..2020-Feb
1487580007894090712,,category_1487580007894090712,staleks,24.4,45,12377,301965.38,REES46 cosmetics 2019-Oct..2020-Feb
1487580011157258342,,category_1487580011157258342,runail,0.42,16,12314,5191.47,REES46 cosmetics 2019-Oct..2020-Feb
1958278551207674674,,category_1958278551207674674,inm,11.24,40,12142,136492.97,REES46 cosmetics 2019-Oct..2020-Feb
1487580013615120588,,category_1487580013615120588,UNK,2.99,19,11949,35760.77,REES46 cosmetics 2019-Oct..2020-Feb
1752742615205281895,,category_1752742615205281895,severina,2.11,13,11905,25070.14,REES46 cosmetics 2019-Oct..2020-Feb
1487580006526747548,,category_1487580006526747548,UNK,2.78,51,11880,33025.21,REES46 cosmetics 2019-Oct..2020-Feb
1487580013128581300,,category_1487580013128581300,UNK,4.39,174,11871,52113.25,REES46 cosmetics 2019-Oct..2020-Feb
1487580012121948301,,category_1487580012121948301,kinetics,9.27,111,11762,109046.55,REES46 cosmetics 2019-Oct..2020-Feb
1720400165430363096,,category_1720400165430363096,irisk,3.99,7,11693,46673.07,REES46 cosmetics 2019-Oct..2020-Feb
1487580008816836611,,category_1487580008816836611,runail,1.76,27,11433,20114.3,REES46 cosmetics 2019-Oct..2020-Feb
1487580009118826513,,category_1487580009118826513,UNK,12.49,17,11363,141895.97,REES46 cosmetics 2019-Oct..2020-Feb
1645114480121610699,,category_1645114480121610699,batiste,7.6,46,11265,85663.64,REES46 cosmetics 2019-Oct..2020-Feb
1487580012717539489,,category_1487580012717539489,UNK,2.13,41,11217,23884.48,REES46 cosmetics 2019-Oct..2020-Feb
1487580010242900029,,category_1487580010242900029,estel,9.81,62,10962,107520.12,REES46 cosmetics 2019-Oct..2020-Feb
1487580006451250072,,category_1487580006451250072,airnails,2.12,16,10895,23148.14,REES46 cosmetics 2019-Oct..2020-Feb
1487580008028308447,,category_1487580008028308447,UNK,51.82,42,10724,555757.4,REES46 cosmetics 2019-Oct..2020-Feb
1487580007189447609,,category_1487580007189447609,runail,2.81,18,10695,30006.26,REES46 cosmetics 2019-Oct..2020-Feb
1814592470537732872,,category_1814592470537732872,UNK,7.88,58,10589,83479.48,REES46 cosmetics 2019-Oct..2020-Feb
1487580012432326804,,category_1487580012432326804,grace,5.31,90,10532,55901.76,REES46 cosmetics 2019-Oct..2020-Feb
2193074740686488401,furniture.bathroom.bath,furniture.bathroom.bath,irisk,59.48,5,10004,595020.6,REES46 cosmetics 2019-Oct..2020-Feb
2029731308699124089,,category_2029731308699124089,UNK,4.8,70,9906,47518.64,REES46 cosmetics 2019-Oct..2020-Feb
1487580010268065854,,category_1487580010268065854,UNK,8.74,81,9699,84778.54,REES46 cosmetics 2019-Oct..2020-Feb
1487580010721050707,,category_1487580010721050707,UNK,11.84,12,9548,113026.28,REES46 cosmetics 2019-Oct..2020-Feb
1871018959927509750,,category_1871018959927509750,i-laq,4.09,232,9400,38423.82,REES46 cosmetics 2019-Oct..2020-Feb
1998040852064109417,,category_1998040852064109417,UNK,5.18,6,9221,47732.43,REES46 cosmetics 2019-Oct..2020-Feb
1487580011098538083,,category_1487580011098538083,runail,1.11,21,9158,10135.9,REES46 cosmetics 2019-Oct..2020-Feb
1487580013657063630,,category_1487580013657063630,UNK,14.34,103,9053,129845.23,REES46 cosmetics 2019-Oct..2020-Feb
1487580011970953351,furniture.bathroom.bath,furniture.bathroom.bath,domix,5.79,28,9047,52388.49,REES46 cosmetics 2019-Oct..2020-Feb
1487580007986365405,,category_1487580007986365405,UNK,17.86,23,8940,159702.89,REES46 cosmetics 2019-Oct..2020-Feb
1487580010335174721,,category_1487580010335174721,UNK,10.72,28,8899,95428.12,REES46 cosmetics 2019-Oct..2020-Feb
1487580013799669974,,category_1487580013799669974,estel,3.2,22,8816,28228.01,REES46 cosmetics 2019-Oct..2020-Feb
1897124495995438074,,category_1897124495995438074,concept,9.53,6,8746,83383.92,REES46 cosmetics 2019-Oct..2020-Feb
2195085255176618020,,category_2195085255176618020,UNK,3.55,64,8652,30751.32,REES46 cosmetics 2019-Oct..2020-Feb
1487580010217734204,,category_1487580010217734204,UNK,6.67,53,8546,57022.72,REES46 cosmetics 2019-Oct..2020-Feb
1495705810704007729,,category_1495705810704007729,UNK,2.14,63,8535,18234.73,REES46 cosmetics 2019-Oct..2020-Feb
1487580007877313495,,category_1487580007877313495,runail,2.56,24,8088,20737.15,REES46 cosmetics 2019-Oct..2020-Feb
1487580007524991942,,category_1487580007524991942,bluesky,4.36,12,8042,35043.84,REES46 cosmetics 2019-Oct..2020-Feb
1858245586344477369,,category_1858245586344477369,kaaral,21.39,6,8037,171932.94,REES46 cosmetics 2019-Oct..2020-Feb
1487580010377117763,,category_1487580010377117763,UNK,3.63,22,7999,29062.78,REES46 cosmetics 2019-Oct..2020-Feb
1487580013321519293,,category_1487580013321519293,UNK,24.91,71,7806,194430.05,REES46 cosmetics 2019-Oct..2020-Feb
1487580006073762693,,category_1487580006073762693,UNK,3.78,14,7642,28904.37,REES46 cosmetics 2019-Oct..2020-Feb
1911999801088541491,,category_1911999801088541491,UNK,8.54,101,7554,64545.3,REES46 cosmetics 2019-Oct..2020-Feb
1597769965795017114,,category_1597769965795017114,tertio,3.7,120,7483,27710.6,REES46 cosmetics 2019-Oct..2020-Feb
1487580007759872977,,category_1487580007759872977,UNK,0.61,28,7482,4589.04,REES46 cosmetics 2019-Oct..2020-Feb
1715102773747384334,,category_1715102773747384334,italwax,7.01,12,7444,52203.68,REES46 cosmetics 2019-Oct..2020-Feb
1487580010293231679,,category_1487580010293231679,UNK,12.17,60,7418,90303.59,REES46 cosmetics 2019-Oct..2020-Feb
1487580012205834384,,category_1487580012205834384,UNK,7.68,38,7366,56555.5,REES46 cosmetics 2019-Oct..2020-Feb
1819693959081886239,,category_1819693959081886239,kinetics,6.31,108,7280,45961.46,REES46 cosmetics 2019-Oct..2020-Feb
1487580009672474664,,category_1487580009672474664,balbcare,3.12,7,7247,22644.44,REES46 cosmetics 2019-Oct..2020-Feb
1487580013338296510,,category_1487580013338296510,UNK,7.96,50,7144,56893.81,REES46 cosmetics 2019-Oct..2020-Feb
2093602042093240877,,category_2093602042093240877,nefertiti,11.34,59,7034,79774.29,REES46 cosmetics 2019-Oct..2020-Feb
1487580010737827924,,category_1487580010737827924,UNK,2.6,7,7004,18224.99,REES46 cosmetics 2019-Oct..2020-Feb
1801635223591453292,,category_1801635223591453292,jaguar,49.34,15,7000,345353.25,REES46 cosmetics 2019-Oct..2020-Feb
1487580009546645539,,category_1487580009546645539,runail,10.33,8,6973,72017.8,REES46 cosmetics 2019-Oct..2020-Feb
1897124469017673788,,category_1897124469017673788,solomeya,6.36,120,6939,44131.19,REES46 cosmetics 2019-Oct..2020-Feb
1487580013900333275,,category_1487580013900333275,irisk,2.71,11,6938,18802.03,REES46 cosmetics 2019-Oct..2020-Feb
1487580011517968503,,category_1487580011517968503,bodyton,9.38,15,6690,62758.4,REES46 cosmetics 2019-Oct..2020-Feb
1933364344720982871,,category_1933364344720982871,UNK,4.71,98,6582,30986.36,REES46 cosmetics 2019-Oct..2020-Feb
1487580006199591819,,category_1487580006199591819,ingarden,5.32,17,6576,34982.2,REES46 cosmetics 2019-Oct..2020-Feb
1487580010922377308,,category_1487580010922377308,runail,0.53,18,6565,3452.06,REES46 cosmetics 2019-Oct..2020-Feb
1783999073792033086,,category_1783999073792033086,UNK,8.44,83,6556,55338.23,REES46 cosmetics 2019-Oct..2020-Feb
1487580008909111303,,category_1487580008909111303,UNK,2.02,13,6525,13185.4,REES46 cosmetics 2019-Oct..2020-Feb
2151191059751764547,,category_2151191059751764547,cristalinas,10.62,30,5912,62797.17,REES46 cosmetics 2019-Oct..2020-Feb
1715102762414375164,,category_1715102762414375164,UNK,4.4,1,5776,25421.2,REES46 cosmetics 2019-Oct..2020-Feb
1588205336064425989,,category_1588205336064425989,concept,8.28,13,5730,47431.14,REES46 cosmetics 2019-Oct..2020-Feb
2164688961165852944,,category_2164688961165852944,opi,8.6,146,5541,47676.61,REES46 cosmetics 2019-Oct..2020-Feb
1648815651034235876,,category_1648815651034235876,rosi,4.62,58,5514,25497.02,REES46 cosmetics 2019-Oct..2020-Feb
1911999801642189621,,category_1911999801642189621,solomeya,4.49,44,5444,24445.24,REES46 cosmetics 2019-Oct..2020-Feb
1558526315760452545,,category_1558526315760452545,UNK,0.41,64,5412,2209.94,REES46 cosmetics 2019-Oct..2020-Feb
1487580008070251489,appliances.personal.hair_cutter,appliances.personal.hair_cutter,UNK,50.73,53,5384,273153.88,REES46 cosmetics 2019-Oct..2020-Feb
1487580013917110492,,category_1487580013917110492,UNK,9.95,105,5358,53296.74,REES46 cosmetics 2019-Oct..2020-Feb
1933472286753424063,,category_1933472286753424063,UNK,3.42,176,5289,18080.66,REES46 cosmetics 2019-Oct..2020-Feb
1783999072365969578,,category_1783999072365969578,UNK,11.49,80,5241,60198.75,REES46 cosmetics 2019-Oct..2020-Feb
1752742606699234159,,category_1752742606699234159,UNK,6.74,115,5201,35076.03,REES46 cosmetics 2019-Oct..2020-Feb
1783999064036081896,,category_1783999064036081896,UNK,7.87,4,5167,40667.79,REES46 cosmetics 2019-Oct..2020-Feb
2095736144888071137,,category_2095736144888071137,UNK,3.12,77,5134,16016.45,REES46 cosmetics 2019-Oct..2020-Feb
1791442895991997390,,category_1791442895991997390,estel,8.13,60,5069,41215.16,REES46 cosmetics 2019-Oct..2020-Feb
1487580011903844485,,category_1487580011903844485,elskin,4.0,22,5003,20035.35,REES46 cosmetics 2019-Oct..2020-Feb
1487580007214613434,,category_1487580007214613434,UNK,2.97,16,4941,14651.55,REES46 cosmetics 2019-Oct..2020-Feb
1487580007172670392,,category_1487580007172670392,masura,8.02,9,4932,39577.56,REES46 cosmetics 2019-Oct..2020-Feb
1487580012457492629,,category_1487580012457492629,skinlite,9.45,25,4925,46531.02,REES46 cosmetics 2019-Oct..2020-Feb
1487580012952420523,,category_1487580012952420523,italwax,3.12,24,4825,15051.88,REES46 cosmetics 2019-Oct..2020-Feb
1487580011182424167,,category_1487580011182424167,runail,0.46,19,4698,2154.9,REES46 cosmetics 2019-Oct..2020-Feb
1487580005486560104,,category_1487580005486560104,irisk,3.58,29,4644,16606.94,REES46 cosmetics 2019-Oct..2020-Feb
2013754353822728372,,category_2013754353822728372,jessnail,2.98,74,4596,13688.57,REES46 cosmetics 2019-Oct..2020-Feb
1487580005343953762,,category_1487580005343953762,entity,14.45,188,4552,65772.43,REES46 cosmetics 2019-Oct..2020-Feb
1487580005838881657,,category_1487580005838881657,UNK,5.08,33,4540,23051.06,REES46 cosmetics 2019-Oct..2020-Feb
2195085255117897760,,category_2195085255117897760,UNK,9.86,13,4524,44619.15,REES46 cosmetics 2019-Oct..2020-Feb
1604427094756950459,,category_1604427094756950459,sophin,8.91,57,4351,38771.3,REES46 cosmetics 2019-Oct..2020-Feb
1487580012172279951,,category_1487580012172279951,irisk,9.47,25,4299,40703.33,REES46 cosmetics 2019-Oct..2020-Feb
1487580008087028706,,category_1487580008087028706,dewal,1.78,44,4270,7595.53,REES46 cosmetics 2019-Oct..2020-Feb
2193074740493550411,,category_2193074740493550411,UNK,8.1,4,4261,34529.43,REES46 cosmetics 2019-Oct..2020-Feb
1487580007072007091,,category_1487580007072007091,ingarden,4.94,29,4230,20896.26,REES46 cosmetics 2019-Oct..2020-Feb
2151191075757228942,,category_2151191075757228942,UNK,4.51,4,4222,19055.17,REES46 cosmetics 2019-Oct..2020-Feb
1487580011476025461,,category_1487580011476025461,UNK,0.78,1,4192,3282.36,REES46 cosmetics 2019-Oct..2020-Feb
2106514244437541443,,category_2106514244437541443,freshbubble,5.41,25,4187,22637.41,REES46 cosmetics 2019-Oct..2020-Feb
2235524499636224267,,category_2235524499636224267,UNK,6.51,3,4153,27019.5,REES46 cosmetics 2019-Oct..2020-Feb
2196456817758831535,,category_2196456817758831535,runail,13.38,0,4131,55278.27,REES46 cosmetics 2019-Oct..2020-Feb
2130081478220972046,,category_2130081478220972046,UNK,11.72,17,4101,48071.45,REES46 cosmetics 2019-Oct..2020-Feb
1554383493545328915,,category_1554383493545328915,UNK,4.74,2,3995,18935.69,REES46 cosmetics 2019-Oct..2020-Feb
1897124489259385629,,category_1897124489259385629,bioaqua,5.21,17,3958,20617.93,REES46 cosmetics 2019-Oct..2020-Feb
2187790129827939246,,category_2187790129827939246,dewal,2.93,47,3944,11541.68,REES46 cosmetics 2019-Oct..2020-Feb
1487580008699397117,,category_1487580008699397117,sophin,5.69,82,3941,22426.59,REES46 cosmetics 2019-Oct..2020-Feb
1487580010662330448,,category_1487580010662330448,bodyton,11.22,12,3831,42989.22,REES46 cosmetics 2019-Oct..2020-Feb
1487580005629166447,,category_1487580005629166447,masura,3.02,119,3803,11493.61,REES46 cosmetics 2019-Oct..2020-Feb
1487580011333419118,,category_1487580011333419118,UNK,11.32,2,3747,42400.41,REES46 cosmetics 2019-Oct..2020-Feb
1783999064170299632,,category_1783999064170299632,UNK,9.0,3,3733,33592.42,REES46 cosmetics 2019-Oct..2020-Feb
1532652067498229876,,category_1532652067498229876,UNK,2.98,6,3704,11021.71,REES46 cosmetics 2019-Oct..2020-Feb
1783999063574708423,,category_1783999063574708423,bluesky,7.9,10,3681,29095.24,REES46 cosmetics 2019-Oct..2020-Feb
1783999072407912622,,category_1783999072407912622,UNK,15.53,26,3677,57118.86,REES46 cosmetics 2019-Oct..2020-Feb
1487580007046841266,,category_1487580007046841266,UNK,4.9,18,3663,17952.09,REES46 cosmetics 2019-Oct..2020-Feb
1921723506584715388,accessories.cosmetic_bag,accessories.cosmetic_bag,UNK,8.63,21,3644,31459.57,REES46 cosmetics 2019-Oct..2020-Feb
1487580012876923048,,category_1487580012876923048,italwax,25.13,4,3607,90630.34,REES46 cosmetics 2019-Oct..2020-Feb
2018287324474901238,furniture.bathroom.bath,furniture.bathroom.bath,UNK,9.12,14,3606,32890.81,REES46 cosmetics 2019-Oct..2020-Feb
1559261858748170632,,category_1559261858748170632,UNK,9.49,11,3572,33891.92,REES46 cosmetics 2019-Oct..2020-Feb
1660394382047576308,,category_1660394382047576308,UNK,0.79,3,3564,2798.92,REES46 cosmetics 2019-Oct..2020-Feb
1487580005293622112,,category_1487580005293622112,opi,23.28,136,3559,82842.11,REES46 cosmetics 2019-Oct..2020-Feb
1487580010846879833,,category_1487580010846879833,UNK,1.73,14,3482,6035.17,REES46 cosmetics 2019-Oct..2020-Feb
1543705961326182546,,category_1543705961326182546,UNK,4.59,6,3453,15854.56,REES46 cosmetics 2019-Oct..2020-Feb
2106514244487873093,,category_2106514244487873093,freshbubble,4.32,30,3402,14697.62,REES46 cosmetics 2019-Oct..2020-Feb
1487580010192568379,,category_1487580010192568379,estel,10.45,18,3381,35315.56,REES46 cosmetics 2019-Oct..2020-Feb
1487580005025186644,,category_1487580005025186644,pnb,31.42,2,3373,105988.94,REES46 cosmetics 2019-Oct..2020-Feb
1487580011241144426,,category_1487580011241144426,UNK,3.44,28,3332,11465.83,REES46 cosmetics 2019-Oct..2020-Feb
2235524499216793855,appliances.personal.massager,appliances.personal.massager,gezatone,53.91,47,3296,177678.48,REES46 cosmetics 2019-Oct..2020-Feb
1842735764509557576,,category_1842735764509557576,rosi,5.72,21,3262,18661.7,REES46 cosmetics 2019-Oct..2020-Feb
1487580011786403970,,category_1487580011786403970,domix,7.3,20,3114,22718.18,REES46 cosmetics 2019-Oct..2020-Feb
1487580007021675441,,category_1487580007021675441,lianail,4.9,46,3006,14740.74,REES46 cosmetics 2019-Oct..2020-Feb
1797122099068797194,,category_1797122099068797194,irisk,2.39,16,2962,7093.77,REES46 cosmetics 2019-Oct..2020-Feb
1487580008422573041,,category_1487580008422573041,cnd,5.89,34,2839,16721.78,REES46 cosmetics 2019-Oct..2020-Feb
2022516588854378951,,category_2022516588854378951,UNK,62.3,15,2835,176627.7,REES46 cosmetics 2019-Oct..2020-Feb
1487580012616876188,,category_1487580012616876188,UNK,5.49,28,2792,15330.84,REES46 cosmetics 2019-Oct..2020-Feb
1487580011752849537,,category_1487580011752849537,estelare,7.0,6,2779,19448.82,REES46 cosmetics 2019-Oct..2020-Feb
1944358258223350494,,category_1944358258223350494,ypsed,30.33,53,2715,82335.02,REES46 cosmetics 2019-Oct..2020-Feb
1889472915104072007,,category_1889472915104072007,kiss,13.3,25,2713,36083.46,REES46 cosmetics 2019-Oct..2020-Feb
1487580012809814181,,category_1487580012809814181,masura,14.19,4,2707,38422.28,REES46 cosmetics 2019-Oct..2020-Feb
1783999076535108182,,category_1783999076535108182,UNK,11.96,68,2679,32047.07,REES46 cosmetics 2019-Oct..2020-Feb
1759024699007828783,,category_1759024699007828783,UNK,21.71,43,2662,57796.8,REES46 cosmetics 2019-Oct..2020-Feb
1804383582576181309,,category_1804383582576181309,UNK,4.08,6,2531,10336.67,REES46 cosmetics 2019-Oct..2020-Feb
1487580012784648356,,category_1487580012784648356,UNK,5.89,17,2405,14161.33,REES46 cosmetics 2019-Oct..2020-Feb
1487580013992607968,,category_1487580013992607968,matrix,20.53,24,2383,48926.94,REES46 cosmetics 2019-Oct..2020-Feb
1842735768846467167,,category_1842735768846467167,UNK,8.59,29,2361,20286.46,REES46 cosmetics 2019-Oct..2020-Feb
1487580006870680490,,category_1487580006870680490,irisk,5.83,7,2264,13209.71,REES46 cosmetics 2019-Oct..2020-Feb
2145935122136826354,,category_2145935122136826354,metzger,14.35,10,2194,31491.53,REES46 cosmetics 2019-Oct..2020-Feb
1487580007701152718,,category_1487580007701152718,blixz,1.51,29,2187,3301.04,REES46 cosmetics 2019-Oct..2020-Feb
1584505206060614455,,category_1584505206060614455,concept,7.18,16,2176,15626.86,REES46 cosmetics 2019-Oct..2020-Feb
1487580006627410849,,category_1487580006627410849,masura,4.81,5,2163,10401.0,REES46 cosmetics 2019-Oct..2020-Feb
1487580005880824699,,category_1487580005880824699,irisk,2.32,7,2132,4939.67,REES46 cosmetics 2019-Oct..2020-Feb
1487580011945787526,,category_1487580011945787526,UNK,2.51,5,2078,5221.29,REES46 cosmetics 2019-Oct..2020-Feb
2121383893343929118,,category_2121383893343929118,UNK,5.31,34,2065,10958.01,REES46 cosmetics 2019-Oct..2020-Feb
1791442849384891169,,category_1791442849384891169,UNK,2.13,8,2040,4341.45,REES46 cosmetics 2019-Oct..2020-Feb
2069171133327868014,,category_2069171133327868014,cosmoprofi,6.02,1,2028,12205.23,REES46 cosmetics 2019-Oct..2020-Feb
1487580006015042434,,category_1487580006015042434,ingarden,2.34,2,2009,4704.94,REES46 cosmetics 2019-Oct..2020-Feb
2187686850687140020,,category_2187686850687140020,sanoto,135.86,2,2000,271718.75,REES46 cosmetics 2019-Oct..2020-Feb
1805953852441101266,,category_1805953852441101266,grattol,8.45,7,1983,16762.71,REES46 cosmetics 2019-Oct..2020-Feb
1725504706412807026,,category_1725504706412807026,UNK,8.85,8,1901,16828.7,REES46 cosmetics 2019-Oct..2020-Feb
1487580007097172916,,category_1487580007097172916,UNK,5.48,9,1860,10189.48,REES46 cosmetics 2019-Oct..2020-Feb
1487580010955931741,,category_1487580010955931741,runail,0.62,6,1820,1132.32,REES46 cosmetics 2019-Oct..2020-Feb
1487580006979732399,,category_1487580006979732399,bluesky,3.88,20,1797,6976.07,REES46 cosmetics 2019-Oct..2020-Feb
1487580006056985476,,category_1487580006056985476,masura,4.25,4,1796,7627.06,REES46 cosmetics 2019-Oct..2020-Feb
1998040850688377703,,category_1998040850688377703,cnd,12.6,4,1724,21721.55,REES46 cosmetics 2019-Oct..2020-Feb
1977786601392047073,,category_1977786601392047073,mavala,5.37,83,1690,9073.89,REES46 cosmetics 2019-Oct..2020-Feb
2055368408169447599,,category_2055368408169447599,kiss,2.78,27,1669,4631.99,REES46 cosmetics 2019-Oct..2020-Feb
1487580006098928518,,category_1487580006098928518,UNK,1.08,10,1664,1803.37,REES46 cosmetics 2019-Oct..2020-Feb
2071303198680810125,,category_2071303198680810125,UNK,6.86,16,1615,11075.86,REES46 cosmetics 2019-Oct..2020-Feb
1487580011601854587,,category_1487580011601854587,UNK,6.9,21,1597,11022.78,REES46 cosmetics 2019-Oct..2020-Feb
2222113024708182273,,category_2222113024708182273,UNK,182.99,5,1539,281623.8,REES46 cosmetics 2019-Oct..2020-Feb
2235524494015856752,,category_2235524494015856752,UNK,8.09,1,1536,12430.81,REES46 cosmetics 2019-Oct..2020-Feb
1547480590851244887,,category_1547480590851244887,UNK,18.97,4,1520,28837.98,REES46 cosmetics 2019-Oct..2020-Feb
2068966806634103136,,category_2068966806634103136,levrana,8.41,17,1503,12642.09,REES46 cosmetics 2019-Oct..2020-Feb
2094448780651791052,,category_2094448780651791052,UNK,3.81,48,1501,5714.93,REES46 cosmetics 2019-Oct..2020-Feb
1487580006568690590,,category_1487580006568690590,UNK,9.49,1,1488,14118.15,REES46 cosmetics 2019-Oct..2020-Feb
1487580007139115958,,category_1487580007139115958,UNK,7.04,5,1480,10418.47,REES46 cosmetics 2019-Oct..2020-Feb
1487580012734316706,,category_1487580012734316706,kiss,14.51,11,1392,20198.61,REES46 cosmetics 2019-Oct..2020-Feb
1487580006484804506,,category_1487580006484804506,UNK,7.27,49,1375,9992.38,REES46 cosmetics 2019-Oct..2020-Feb
1487580007113950133,,category_1487580007113950133,irisk,4.41,7,1349,5945.62,REES46 cosmetics 2019-Oct..2020-Feb
2154396123597373922,,category_2154396123597373922,levrana,6.26,10,1340,8389.18,REES46 cosmetics 2019-Oct..2020-Feb
1926797403503985079,,category_1926797403503985079,UNK,3.41,7,1322,4512.17,REES46 cosmetics 2019-Oct..2020-Feb
1487580014093271270,,category_1487580014093271270,UNK,7.92,15,1303,10319.76,REES46 cosmetics 2019-Oct..2020-Feb
1977683390215749955,,category_1977683390215749955,UNK,17.01,9,1264,21506.63,REES46 cosmetics 2019-Oct..2020-Feb
1487580006820348840,,category_1487580006820348840,lianail,9.18,10,1238,11369.77,REES46 cosmetics 2019-Oct..2020-Feb
1487580006711296933,,category_1487580006711296933,ingarden,11.61,5,1233,14313.26,REES46 cosmetics 2019-Oct..2020-Feb
1487580011031429216,,category_1487580011031429216,irisk,1.71,10,1228,2105.71,REES46 cosmetics 2019-Oct..2020-Feb
1487580007004898224,,category_1487580007004898224,f.o.x,4.59,25,1128,5173.23,REES46 cosmetics 2019-Oct..2020-Feb
2020400296164851991,,category_2020400296164851991,UNK,5.78,5,1100,6354.18,REES46 cosmetics 2019-Oct..2020-Feb
1962525126503170858,,category_1962525126503170858,coocla,6.33,10,1010,6389.65,REES46 cosmetics 2019-Oct..2020-Feb
2028340285225828822,,category_2028340285225828822,siberina,5.71,11,933,5326.43,REES46 cosmetics 2019-Oct..2020-Feb
1487580009823469613,,category_1487580009823469613,UNK,17.04,12,931,15865.18,REES46 cosmetics 2019-Oct..2020-Feb
2151191059827262021,,category_2151191059827262021,aura,4.67,5,877,4095.26,REES46 cosmetics 2019-Oct..2020-Feb
1487580008858779653,,category_1487580008858779653,milv,1.65,26,874,1441.94,REES46 cosmetics 2019-Oct..2020-Feb
1487580012147114126,furniture.bathroom.bath,furniture.bathroom.bath,UNK,6.39,20,864,5517.9,REES46 cosmetics 2019-Oct..2020-Feb
2195085258179739843,,category_2195085258179739843,UNK,13.52,1,860,11623.69,REES46 cosmetics 2019-Oct..2020-Feb
1924049287554007223,,category_1924049287554007223,oniq,7.08,21,821,5812.99,REES46 cosmetics 2019-Oct..2020-Feb
1487580006845514665,,category_1487580006845514665,f.o.x,9.21,16,820,7555.65,REES46 cosmetics 2019-Oct..2020-Feb
1487580014042939619,,category_1487580014042939619,UNK,8.3,6,806,6688.41,REES46 cosmetics 2019-Oct..2020-Feb
2155132423103316327,,category_2155132423103316327,oniq,6.97,3,752,5238.62,REES46 cosmetics 2019-Oct..2020-Feb
1487580013933887709,,category_1487580013933887709,UNK,44.4,4,742,32946.13,REES46 cosmetics 2019-Oct..2020-Feb
1487580009739583530,,category_1487580009739583530,cnd,31.82,10,723,23003.0,REES46 cosmetics 2019-Oct..2020-Feb
1911999948073730325,,category_1911999948073730325,UNK,4.73,20,705,3332.37,REES46 cosmetics 2019-Oct..2020-Feb
1487580012071616651,apparel.glove,apparel.glove,naomi,9.05,2,684,6186.96,REES46 cosmetics 2019-Oct..2020-Feb
1810470908326838736,,category_1810470908326838736,UNK,10.51,5,683,7176.85,REES46 cosmetics 2019-Oct..2020-Feb
1487580004983243602,,category_1487580004983243602,orly,15.53,55,664,10310.93,REES46 cosmetics 2019-Oct..2020-Feb
1487580009974464562,,category_1487580009974464562,UNK,8.0,2,643,5141.33,REES46 cosmetics 2019-Oct..2020-Feb
1487580005922767741,,category_1487580005922767741,UNK,2.93,2,640,1873.04,REES46 cosmetics 2019-Oct..2020-Feb
1487580006157648777,,category_1487580006157648777,entity,14.33,30,630,9030.56,REES46 cosmetics 2019-Oct..2020-Feb
1783999067181810204,appliances.environment.air_conditioner,appliances.environment.air_conditioner,nirvel,10.38,11,621,6446.82,REES46 cosmetics 2019-Oct..2020-Feb
1487580004941300560,,category_1487580004941300560,orly,19.37,0,597,11563.45,REES46 cosmetics 2019-Oct..2020-Feb
1752742610406999036,,category_1752742610406999036,UNK,8.63,12,581,5013.56,REES46 cosmetics 2019-Oct..2020-Feb
1487580006174425994,,category_1487580006174425994,cnd,69.18,13,548,37908.5,REES46 cosmetics 2019-Oct..2020-Feb
1487580009647308839,,category_1487580009647308839,UNK,2.52,1,445,1123.14,REES46 cosmetics 2019-Oct..2020-Feb
1487580012759482531,furniture.bathroom.bath,furniture.bathroom.bath,UNK,12.74,4,410,5222.02,REES46 cosmetics 2019-Oct..2020-Feb
1487580005318787937,,category_1487580005318787937,UNK,8.75,64,408,3571.9,REES46 cosmetics 2019-Oct..2020-Feb
1657722039387029886,,category_1657722039387029886,UNK,11.02,10,397,4375.1,REES46 cosmetics 2019-Oct..2020-Feb
1911999884991397970,,category_1911999884991397970,UNK,8.74,6,394,3441.68,REES46 cosmetics 2019-Oct..2020-Feb
2027602240612598357,,category_2027602240612598357,artex,11.78,1,388,4571.6,REES46 cosmetics 2019-Oct..2020-Feb
1962525118928257818,,category_1962525118928257818,coocla,7.91,10,380,3007.68,REES46 cosmetics 2019-Oct..2020-Feb
1962525462299148572,,category_1962525462299148572,coocla,3.15,20,344,1084.02,REES46 cosmetics 2019-Oct..2020-Feb
1987724780047958178,,category_1987724780047958178,pole,3.12,8,344,1071.7,REES46 cosmetics 2019-Oct..2020-Feb
1487580012507824279,,category_1487580012507824279,laboratorium,4.99,3,343,1710.64,REES46 cosmetics 2019-Oct..2020-Feb
2022622168218599898,furniture.living_room.chair,furniture.living_room.chair,UNK,130.51,2,343,44764.66,REES46 cosmetics 2019-Oct..2020-Feb
1487580010360340546,,category_1487580010360340546,UNK,8.0,2,341,2727.65,REES46 cosmetics 2019-Oct..2020-Feb
1977575775473238831,,category_1977575775473238831,lovely,6.14,2,323,1982.1,REES46 cosmetics 2019-Oct..2020-Feb
2195085258339123402,,category_2195085258339123402,lianail,8.94,1,307,2743.81,REES46 cosmetics 2019-Oct..2020-Feb
1936327050549789532,,category_1936327050549789532,pnb,10.94,3,297,3249.98,REES46 cosmetics 2019-Oct..2020-Feb
1487580005998265217,,category_1487580005998265217,bluesky,2.14,3,289,617.48,REES46 cosmetics 2019-Oct..2020-Feb
2060156961931919712,,category_2060156961931919712,weaver,8.73,3,271,2364.51,REES46 cosmetics 2019-Oct..2020-Feb
2134354356349173879,,category_2134354356349173879,UNK,3.13,2,257,803.53,REES46 cosmetics 2019-Oct..2020-Feb
1759024698982662957,,category_1759024698982662957,UNK,9.39,1,235,2206.98,REES46 cosmetics 2019-Oct..2020-Feb
1487580008590345208,,category_1487580008590345208,zinger,2.17,59,229,496.6,REES46 cosmetics 2019-Oct..2020-Feb
2069804424703771380,,category_2069804424703771380,cosmoprofi,9.31,1,215,2001.24,REES46 cosmetics 2019-Oct..2020-Feb
1487580008128971748,,category_1487580008128971748,irisk,15.24,1,214,3261.36,REES46 cosmetics 2019-Oct..2020-Feb
1487580013564788937,,category_1487580013564788937,UNK,57.45,23,214,12293.26,REES46 cosmetics 2019-Oct..2020-Feb
1913479463425802701,,category_1913479463425802701,UNK,17.37,6,213,3700.0,REES46 cosmetics 2019-Oct..2020-Feb
2242903426784559183,,category_2242903426784559183,resize,8.59,6,211,1812.65,REES46 cosmetics 2019-Oct..2020-Feb
1628099626433249931,,category_1628099626433249931,UNK,5.67,10,206,1168.43,REES46 cosmetics 2019-Oct..2020-Feb
1487580008674231292,,category_1487580008674231292,UNK,4.3,103,199,854.91,REES46 cosmetics 2019-Oct..2020-Feb
1487580005176181595,,category_1487580005176181595,runail,3.46,20,196,679.02,REES46 cosmetics 2019-Oct..2020-Feb
1487580010150625337,,category_1487580010150625337,UNK,9.79,2,185,1810.8,REES46 cosmetics 2019-Oct..2020-Feb
1487580009798303788,,category_1487580009798303788,masura,10.85,11,176,1908.74,REES46 cosmetics 2019-Oct..2020-Feb
1487580008951054345,,category_1487580008951054345,orly,11.43,17,163,1863.34,REES46 cosmetics 2019-Oct..2020-Feb
1487580010075127862,,category_1487580010075127862,kinetics,8.41,1,160,1346.4,REES46 cosmetics 2019-Oct..2020-Feb
1487580011828347011,,category_1487580011828347011,gehwol,23.74,1,134,3181.02,REES46 cosmetics 2019-Oct..2020-Feb
1487580008472904691,,category_1487580008472904691,UNK,3.64,39,129,468.98,REES46 cosmetics 2019-Oct..2020-Feb
1487580012046450826,,category_1487580012046450826,masura,10.32,0,113,1166.16,REES46 cosmetics 2019-Oct..2020-Feb
1487580004807082827,,category_1487580004807082827,yllozure,11.18,2,111,1240.91,REES46 cosmetics 2019-Oct..2020-Feb
1604427145138930210,,category_1604427145138930210,sophin,10.37,3,107,1109.72,REES46 cosmetics 2019-Oct..2020-Feb
1487580008221246441,appliances.environment.air_conditioner,appliances.environment.air_conditioner,estel,11.55,22,87,1004.93,REES46 cosmetics 2019-Oct..2020-Feb
1487580006610633632,,category_1487580006610633632,entity,38.48,5,86,3308.85,REES46 cosmetics 2019-Oct..2020-Feb
1805953965678920077,,category_1805953965678920077,UNK,3.48,1,83,288.62,REES46 cosmetics 2019-Oct..2020-Feb
1487580012482658454,,category_1487580012482658454,UNK,21.83,9,74,1615.24,REES46 cosmetics 2019-Oct..2020-Feb
1487580006585467807,,category_1487580006585467807,UNK,58.72,11,69,4051.89,REES46 cosmetics 2019-Oct..2020-Feb
1842735764450837316,,category_1842735764450837316,kinetics,10.85,1,68,738.0,REES46 cosmetics 2019-Oct..2020-Feb
2166295400451933025,,category_2166295400451933025,opi,8.46,1,61,516.0,REES46 cosmetics 2019-Oct..2020-Feb
1791442703716712702,,category_1791442703716712702,irisk,3.62,2,57,206.5,REES46 cosmetics 2019-Oct..2020-Feb
1487580005570446188,,category_1487580005570446188,UNK,8.75,14,50,437.32,REES46 cosmetics 2019-Oct..2020-Feb
1487580007508214725,,category_1487580007508214725,UNK,3.17,13,49,155.35,REES46 cosmetics 2019-Oct..2020-Feb
1487580008925888520,,category_1487580008925888520,essie,7.56,18,44,332.67,REES46 cosmetics 2019-Oct..2020-Feb
1487580004966466385,,category_1487580004966466385,orly,6.73,14,43,289.31,REES46 cosmetics 2019-Oct..2020-Feb
1752742617696698537,,category_1752742617696698537,orly,6.24,5,43,268.39,REES46 cosmetics 2019-Oct..2020-Feb
1487580008523236341,,category_1487580008523236341,opi,13.27,22,37,490.98,REES46 cosmetics 2019-Oct..2020-Feb
1487580005687886706,,category_1487580005687886706,cuccio,8.14,17,33,268.69,REES46 cosmetics 2019-Oct..2020-Feb
1487580009764749355,,category_1487580009764749355,UNK,46.37,4,31,1437.62,REES46 cosmetics 2019-Oct..2020-Feb
1487580010989486174,,category_1487580010989486174,lianail,2.85,6,31,88.41,REES46 cosmetics 2019-Oct..2020-Feb
1487580005939544958,,category_1487580005939544958,UNK,6.67,8,26,173.42,REES46 cosmetics 2019-Oct..2020-Feb
1487580011006263391,,category_1487580011006263391,runail,0.58,5,24,13.92,REES46 cosmetics 2019-Oct..2020-Feb
1648815843896722076,,category_1648815843896722076,tertio,6.35,4,24,152.4,REES46 cosmetics 2019-Oct..2020-Feb
1487580011559911545,,category_1487580011559911545,markell,9.32,11,22,205.02,REES46 cosmetics 2019-Oct..2020-Feb
1487580012851757223,,category_1487580012851757223,masura,7.21,5,22,158.55,REES46 cosmetics 2019-Oct..2020-Feb
1487580013782892757,,category_1487580013782892757,concept,2.54,1,22,55.88,REES46 cosmetics 2019-Oct..2020-Feb
1487580009009774604,,category_1487580009009774604,irisk,50.48,2,20,1009.56,REES46 cosmetics 2019-Oct..2020-Feb
1487580005796938615,,category_1487580005796938615,ibd,7.91,10,19,150.28,REES46 cosmetics 2019-Oct..2020-Feb
1487580011115315300,,category_1487580011115315300,runail,0.33,7,19,6.24,REES46 cosmetics 2019-Oct..2020-Feb
1487580008565179383,,category_1487580008565179383,severina,3.12,4,18,56.24,REES46 cosmetics 2019-Oct..2020-Feb
1487580011199201384,,category_1487580011199201384,runail,0.39,7,18,7.0,REES46 cosmetics 2019-Oct..2020-Feb
1487580005369119587,,category_1487580005369119587,UNK,7.12,6,17,120.96,REES46 cosmetics 2019-Oct..2020-Feb
1487580011450859636,,category_1487580011450859636,UNK,0.0,6,16,0.0,REES46 cosmetics 2019-Oct..2020-Feb
2053031020655018687,,category_2053031020655018687,kims,49.1,1,16,785.55,REES46 cosmetics 2019-Oct..2020-Feb
1487580010603610189,,category_1487580010603610189,moyou,6.14,5,14,85.98,REES46 cosmetics 2019-Oct..2020-Feb
1495705810754339379,,category_1495705810754339379,konad,1.9,1,12,22.8,REES46 cosmetics 2019-Oct..2020-Feb
1487580010049962037,,category_1487580010049962037,voesh,1.99,5,11,21.85,REES46 cosmetics 2019-Oct..2020-Feb
1487580010427449413,,category_1487580010427449413,konad,3.97,1,11,43.67,REES46 cosmetics 2019-Oct..2020-Feb
1487580006744851367,,category_1487580006744851367,masura,7.03,4,10,70.32,REES46 cosmetics 2019-Oct..2020-Feb
1487580005654332272,,category_1487580005654332272,vl-gel,2.52,2,7,17.64,REES46 cosmetics 2019-Oct..2020-Feb
1487580011073372258,,category_1487580011073372258,runail,0.58,7,7,4.03,REES46 cosmetics 2019-Oct..2020-Feb
1487580006216369036,,category_1487580006216369036,masura,4.11,2,6,24.66,REES46 cosmetics 2019-Oct..2020-Feb
1487580011224367209,,category_1487580011224367209,runail,0.42,4,6,2.49,REES46 cosmetics 2019-Oct..2020-Feb
1487580012658819230,,category_1487580012658819230,uralsoap,2.7,2,6,16.2,REES46 cosmetics 2019-Oct..2020-Feb
1487580012231000209,,category_1487580012231000209,markell,4.94,4,5,24.69,REES46 cosmetics 2019-Oct..2020-Feb
1487580013363462335,,category_1487580013363462335,UNK,7.54,1,5,37.7,REES46 cosmetics 2019-Oct..2020-Feb
1487580008204469224,,category_1487580008204469224,markell,4.0,2,4,16.0,REES46 cosmetics 2019-Oct..2020-Feb
1487580009857024046,,category_1487580009857024046,opi,15.29,2,4,61.17,REES46 cosmetics 2019-Oct..2020-Feb
1487580011140481125,,category_1487580011140481125,runail,0.44,3,4,1.76,REES46 cosmetics 2019-Oct..2020-Feb
1487580012549767321,sport.diving,sport.diving,UNK,3.17,1,4,12.68,REES46 cosmetics 2019-Oct..2020-Feb
1487580010024796212,,category_1487580010024796212,gena,8.89,1,3,26.67,REES46 cosmetics 2019-Oct..2020-Feb
1487580005159404378,,category_1487580005159404378,runail,0.0,1,2,0.0,REES46 cosmetics 2019-Oct..2020-Feb
1487580007155893175,,category_1487580007155893175,UNK,3.65,1,2,7.3,REES46 cosmetics 2019-Oct..2020-Feb
1487580013715783889,,category_1487580013715783889,UNK,18.71,1,2,37.42,REES46 cosmetics 2019-Oct..2020-Feb
1487580009706029097,,category_1487580009706029097,entity,27.86,1,1,27.86,REES46 cosmetics 2019-Oct..2020-Feb
1487580009890578479,,category_1487580009890578479,cuccio,8.73,1,1,8.73,REES46 cosmetics 2019-Oct..2020-Feb
1487580010897211483,,category_1487580010897211483,runail,0.48,1,1,0.48,REES46 cosmetics 2019-Oct..2020-Feb
1487580011056595041,,category_1487580011056595041,runail,0.4,1,1,0.4,REES46 cosmetics 2019-Oct..2020-Feb
